sampleNames	SYMBOL	Feature	Consequence	disease
PAVNKI	VPS45	ENST00000369128	frameshift_variant	pAML
HG00127	SDHB	ENST00000375499	stop_gained	Control
HG00344	EXO1	ENST00000348581	stop_gained	Control
HG00717	ABL2	ENST00000344730	stop_gained	Control
HG01455	EXO1	ENST00000348581	stop_gained	Control
HG01522	MUTYH	ENST00000354383	stop_gained	Control
HG01789	MPL	ENST00000372470	stop_gained	Control
HG01855	UBE2T	ENST00000367274	stop_gained	Control
HG02923	BCL10	ENST00000370580	stop_gained	Control
HG03121	LYST	ENST00000389793	stop_gained	Control
HG03511	EXO1	ENST00000348581	stop_gained	Control
HG03812	VPS45	ENST00000369128	stop_gained	Control
NA18567	LYST	ENST00000389793	stop_gained	Control
NA19020	BCL10	ENST00000370580	stop_gained	Control
NA19038	LYST	ENST00000389793	stop_gained	Control
NA19818	CSF3R	ENST00000331941	stop_gained	Control
NA20775	LYST	ENST00000389793	stop_gained	Control
PAVBNV	ANKRD26	ENST00000376070	stop_gained	pAML
HG01067	HPS1	ENST00000325103	frameshift_variant	Control
HG01095	HPS1	ENST00000325103	frameshift_variant	Control
HG01395	HPS1	ENST00000325103	frameshift_variant	Control
NA18563	ANKRD26	ENST00000376070	stop_gained	Control
NA19225	ANKRD26	ENST00000376070	stop_gained	Control
PAUJCF	EXT2	ENST00000343631	stop_gained	pAML
PAUVEF	WT1	ENST00000332351	stop_gained	pAML
PAUVWV	MRE11A	ENST00000323929	stop_gained	pAML
PAWEYY	FAM111B	ENST00000343597	stop_gained	pAML
PAWZAU	ARHGEF12	ENST00000356641	stop_gained	pAML
PAXJMY	SHANK2	ENST00000338508	stop_gained	pAML
HG00629	CLPB	ENST00000294053	stop_gained	Control
HG01122	CTSC	ENST00000227266	stop_gained	Control
HG01697	FANCF	ENST00000327470	stop_gained	Control
HG01761	FANCF	ENST00000327470	stop_gained	Control
HG01767	ATM	ENST00000278616	stop_gained	Control
HG01863	NPAT	ENST00000278612	stop_gained	Control
HG01945	ATM	ENST00000278616	stop_gained	Control
HG02292	ATM	ENST00000278616	stop_gained	Control
HG02595	FAM111B	ENST00000343597	frameshift_variant	Control
HG02679	FAM111B	ENST00000343597	frameshift_variant	Control
HG02881	SLC37A4	ENST00000330775	stop_gained	Control
HG02982	FAM111B	ENST00000343597	frameshift_variant	Control
HG03058	HPS5	ENST00000349215	stop_gained	Control
HG03130	ATM	ENST00000278616	stop_gained	Control
HG03240	FAM111B	ENST00000343597	frameshift_variant	Control
HG03709	PTPRJ	ENST00000418331	stop_gained	Control
HG04090	WT1	ENST00000332351	stop_gained	Control
NA06994	CEP57	ENST00000325486	stop_gained	Control
NA11933	ARHGEF12	ENST00000356641	stop_gained	Control
NA12414	CBL	ENST00000264033	stop_gained	Control
NA19466	ATM	ENST00000278616	stop_gained	Control
NA19719	CLPB	ENST00000294053	stop_gained	Control
PAWMFY	PRPF40B	ENST00000261897	frameshift_variant	pAML
PAXLGL	RECQL	ENST00000421138	stop_gained	pAML
HG00356	PRPF40B	ENST00000261897	stop_gained	Control
HG01485	KMT2D	ENST00000301067	stop_gained	Control
HG01761	RECQL	ENST00000421138	stop_gained	Control
HG01800	WIF1	ENST00000286574	stop_gained	Control
HG02184	BTG1	ENST00000256015	stop_gained	Control
HG02188	RECQL	ENST00000421138	stop_gained	Control
HG02839	KMT2D	ENST00000301067	stop_gained	Control
HG03123	DDX54	ENST00000306014	stop_gained	Control
HG03432	KMT2D	ENST00000301067	stop_gained	Control
NA11832	VWF	ENST00000261405	stop_gained	Control
NA12414	VWF	ENST00000261405	stop_gained	Control
NA12812	RECQL	ENST00000421138	stop_gained	Control
NA12830	DDX54	ENST00000306014	stop_gained	Control
NA18555	RECQL	ENST00000314748	stop_gained	Control
PAUXKI	BRCA2	ENST00000380152	frameshift_variant	pAML
PAVHWK	BRCA2	ENST00000380152	frameshift_variant	pAML
PAVKAU	BRCA2	ENST00000380152	stop_gained	pAML
HG01377	BRCA2	ENST00000380152	stop_gained	Control
HG02505	LIG4	ENST00000356922	frameshift_variant	Control
NA18571	ERCC5	ENST00000355739	stop_gained	Control
NA18602	ERCC5	ENST00000355739	stop_gained	Control
NA18638	FLT3	ENST00000241453	stop_gained	Control
NA18867	LIG4	ENST00000356922	stop_gained	Control
NA19149	LIG4	ENST00000356922	frameshift_variant	Control
NA19403	LIG4	ENST00000356922	frameshift_variant	Control
HG00148	BCL11B	ENST00000345514	stop_gained	Control
HG00310	MLH3	ENST00000238662	stop_gained	Control
HG00332	MLH3	ENST00000238662	stop_gained	Control
HG00345	TINF2	ENST00000267415	stop_gained	Control
HG02186	MLH3	ENST00000238662	stop_gained	Control
HG03652	MLH3	ENST00000238662	stop_gained	Control
HG04212	FANCM	ENST00000267430	stop_gained	Control
NA12842	MLH3	ENST00000238662	stop_gained	Control
NA19130	FANCM	ENST00000267430	stop_gained	Control
PAVHLI	MYO5A	ENST00000356338	stop_gained	pAML
HG01468	BUB1B	ENST00000287598	stop_gained	Control
HG01894	FANCI	ENST00000300027	stop_gained	Control
HG03428	FANCI	ENST00000300027	stop_gained	Control
PAULCA	NTHL1	ENST00000219066	stop_gained	pAML
PAUTVU	SLX4	ENST00000294008	stop_gained	pAML
PAWAMB	FANCA	ENST00000389301	frameshift_variant	pAML
HG00365	SLX4	ENST00000294008	stop_gained	Control
HG00472	FANCA	ENST00000389301	stop_gained	Control
HG02291	TERF2IP	ENST00000300086	stop_gained	Control
HG02643	ERCC4	ENST00000311895	stop_gained	Control
NA11893	NTHL1	ENST00000219066	stop_gained	Control
NA19923	NTHL1	ENST00000219066	stop_gained	Control
NA20821	PALB2	ENST00000261584	stop_gained	Control
PAUMIH	ITGA2B	ENST00000262407	frameshift_variant	pAML
PAUSFM	TNFRSF13B	ENST00000261652	frameshift_variant	pAML
PAUUKK	RECQL5	ENST00000317905	stop_gained	pAML
PAUYSN	BRIP1	ENST00000259008	frameshift_variant	pAML
PAUZVP	PRPF8	ENST00000304992	frameshift_variant	pAML
PAVCNG	DNAH9	ENST00000262442	stop_gained	pAML
PAVCNU	DNAH9	ENST00000262442	frameshift_variant	pAML
PAVIGB	CTC1	ENST00000315684	stop_gained	pAML
PAVTDU	RAD51C	ENST00000337432	stop_gained	pAML
PAWMKP	ERBB2	ENST00000269571	frameshift_variant	pAML
PAWYNR	ITGA2B	ENST00000262407	stop_gained	pAML
PAXMLI	PRPF8	ENST00000304992	frameshift_variant	pAML
HG01149	DNAH9	ENST00000262442	stop_gained	Control
HG01362	DNAH9	ENST00000262442	stop_gained	Control
HG01926	RHBDF2	ENST00000313080	stop_gained	Control
HG02111	CTC1	ENST00000315684	stop_gained	Control
HG02554	RHBDF2	ENST00000313080	stop_gained	Control
HG02733	DNAH9	ENST00000262442	stop_gained	Control
HG03121	GP1BA	ENST00000329125	stop_gained	Control
HG03342	DNAH9	ENST00000262442	stop_gained	Control
HG03615	PPM1D	ENST00000305921	stop_gained	Control
HG03753	ITGA2B	ENST00000262407	stop_gained	Control
NA18631	ITGA2B	ENST00000262407	stop_gained	Control
NA18646	SLFN14	ENST00000415846	stop_gained	Control
NA18934	RECQL5	ENST00000317905	stop_gained	Control
NA18969	SLFN14	ENST00000415846	stop_gained	Control
NA18983	SLFN14	ENST00000415846	stop_gained	Control
NA18992	SLFN14	ENST00000415846	stop_gained	Control
NA19399	SLFN14	ENST00000415846	stop_gained	Control
NA19726	DNAH9	ENST00000262442	stop_gained	Control
NA19764	DNAH9	ENST00000262442	stop_gained	Control
NA20126	ITGB3	ENST00000435993	stop_gained	Control
HG03517	TCF4	ENST00000398339	stop_gained	Control
NA19328	TCF4	ENST00000398339	stop_gained	Control
NA19375	TCF4	ENST00000398339	stop_gained	Control
NA19922	TCF4	ENST00000398339	stop_gained	Control
PAWSJC	DHX34	ENST00000328771	stop_gained	pAML
PAWSJC	DHX34	ENST00000328771	frameshift_variant	pAML
PAXKEZ	POLD1	ENST00000440232	frameshift_variant	pAML
HG02182	KLF1	ENST00000264834	frameshift_variant	Control
HG02491	MEF2B	ENST00000162023	stop_gained	Control
HG03634	KLF1	ENST00000264834	stop_gained	Control
HG03752	BLOC1S3	ENST00000433642	stop_gained	Control
HG03829	MEF2B	ENST00000162023	stop_gained	Control
HG03851	BLOC1S3	ENST00000433642	stop_gained	Control
NA18573	KLF1	ENST00000264834	frameshift_variant	Control
NA18602	DHX34	ENST00000328771	stop_gained	Control
NA18997	TYK2	ENST00000264818	stop_gained	Control
NA19072	TYK2	ENST00000264818	stop_gained	Control
PAVAVV	FANCL	ENST00000233741	frameshift_variant	pAML
PAVEAF	CASP10	ENST00000272879	frameshift_variant	pAML
PAVSAN	MSH6	ENST00000234420	frameshift_variant	pAML
HG01670	DNMT3A	ENST00000264709	stop_gained	Control
HG01812	MSH2	ENST00000233146	stop_gained	Control
HG01862	EPCAM	ENST00000263735	stop_gained	Control
HG02502	DNMT3A	ENST00000264709	stop_gained	Control
HG02570	ERBB4	ENST00000342788	stop_gained	Control
NA19457	BARD1	ENST00000260947	stop_gained	Control
NA20801	ERBB4	ENST00000260943	stop_gained	Control
NA20908	ERCC3	ENST00000285398	stop_gained	Control
PAWEBG	ADA	ENST00000372874	frameshift_variant	pAML
HG00106	SEC23B	ENST00000262544	stop_gained	Control
HG00173	RTEL1	ENST00000318100	frameshift_variant	Control
HG01747	RTEL1	ENST00000318100	frameshift_variant	Control
NA12044	TUBB1	ENST00000217133	stop_gained	Control
NA18499	RTEL1	ENST00000318100	frameshift_variant	Control
NA19684	RTEL1	ENST00000318100	frameshift_variant	Control
PAUVMN	AIRE	ENST00000291582	frameshift_variant	pAML
PAVKEX	AIRE	ENST00000291582	frameshift_variant	pAML
PAUHFI	GP1BB	ENST00000366425	frameshift_variant	pAML
PAUSBP	CHEK2	ENST00000328354	frameshift_variant	pAML
HG01137	LZTR1	ENST00000215739	stop_gained	Control
HG01360	MN1	ENST00000302326	stop_gained	Control
HG01462	IGLL5	ENST00000526893	stop_gained	Control
HG02371	IGLL5	ENST00000526893	stop_gained	Control
NA19172	LZTR1	ENST00000215739	stop_gained	Control
NA20901	CHEK2	ENST00000328354	stop_gained	Control
PAUTML	XPC	ENST00000285021	stop_gained	pAML
PAUWKY	GATA2	ENST00000341105	stop_gained	pAML
PAVBUX	FANCD2	ENST00000287647	stop_gained	pAML
PAVLJH	RASA2	ENST00000286364	stop_gained	pAML
PAVMEH	MBD4	ENST00000249910	stop_gained	pAML
PAWHRR	RNF168	ENST00000318037	frameshift_variant	pAML
PAWMKP	RNF168	ENST00000318037	frameshift_variant	pAML
PAWPKR	HCLS1	ENST00000314583	stop_gained	pAML
PAXJMY	HLTF	ENST00000310053	stop_gained	pAML
HG00288	RASA2	ENST00000286364	stop_gained	Control
HG00341	HLTF	ENST00000310053	stop_gained	Control
HG01869	HPS3	ENST00000296051	stop_gained	Control
HG01965	SETD2	ENST00000409792	stop_gained	Control
HG01988	CBLB	ENST00000264122	stop_gained	Control
HG01991	RNF168	ENST00000318037	stop_gained	Control
HG02271	SETD2	ENST00000409792	stop_gained	Control
HG02348	SETD2	ENST00000409792	stop_gained	Control
HG02450	RASA2	ENST00000286364	stop_gained	Control
NA18567	NBEAL2	ENST00000292309	stop_gained	Control
NA19067	RASA2	ENST00000286364	stop_gained	Control
NA20281	ATR	ENST00000350721	stop_gained	Control
NA20766	XPC	ENST00000285021	stop_gained	Control
NA19248	FAT1	ENST00000441802	stop_gained	Control
NA19789	KDR	ENST00000263923	stop_gained	Control
PAUVBS	DNAH5	ENST00000265104	stop_gained	pAML
PAUVZD	DDX41	ENST00000330503	frameshift_variant	pAML
PAUYEV	DDX41	ENST00000330503	frameshift_variant	pAML
PAVAFJ	DDX41	ENST00000330503	frameshift_variant	pAML
PAVDGM	DHX29	ENST00000251636	frameshift_variant	pAML
PAVIGB	DDX41	ENST00000330503	frameshift_variant	pAML
PAWBSJ	DNAH5	ENST00000265104	stop_gained	pAML
PAXBAZ	RAD50	ENST00000265335	stop_gained	pAML
PAXELP	DNAH5	ENST00000265104	frameshift_variant	pAML
HG01537	PRDM9	ENST00000296682	stop_gained	Control
HG01799	NSUN2	ENST00000264670	stop_gained	Control
HG02715	ITK	ENST00000422843	stop_gained	Control
HG03629	DHX29	ENST00000251636	stop_gained	Control
HG03646	DNAH5	ENST00000265104	stop_gained	Control
HG04006	CSF1R	ENST00000286301	stop_gained	Control
HG04141	DNAH5	ENST00000265104	stop_gained	Control
HG04155	DEPDC1B	ENST00000545085	stop_gained	Control
NA18570	NSUN2	ENST00000264670	stop_gained	Control
NA18985	DNAH5	ENST00000265104	stop_gained	Control
NA19038	PRDM9	ENST00000296682	stop_gained	Control
NA19076	PRDM9	ENST00000296682	stop_gained	Control
NA19380	DNAH5	ENST00000265104	stop_gained	Control
NA19461	DNAH5	ENST00000265104	stop_gained	Control
NA20517	SDHA	ENST00000264932	stop_gained	Control
NA20532	SDHA	ENST00000264932	stop_gained	Control
NA20821	DDX41	ENST00000330503	stop_gained	Control
PAULCA	NFKBIE	ENST00000275015	frameshift_variant	pAML
PAVBYN	NFKBIE	ENST00000275015	frameshift_variant	pAML
PAVCNG	ROS1	ENST00000368507	stop_gained	pAML
PAXDEG	SYNE1	ENST00000265368	stop_gained	pAML
PAXIFA	ROS1	ENST00000368507	frameshift_variant	pAML
HG02684	ROS1	ENST00000368507	stop_gained	Control
HG03634	SYNE1	ENST00000265368	stop_gained	Control
HG03829	NFKBIE	ENST00000275015	stop_gained	Control
HG04076	NFKBIE	ENST00000275015	stop_gained	Control
NA06985	ROS1	ENST00000368507	stop_gained	Control
NA12829	SYNE1	ENST00000265368	stop_gained	Control
NA18959	NFKBIE	ENST00000275015	frameshift_variant	Control
NA18988	NFKBIE	ENST00000275015	frameshift_variant	Control
NA19091	NFKBIE	ENST00000275015	frameshift_variant	Control
NA19390	MYB	ENST00000316528	stop_gained	Control
NA20775	SYNE1	ENST00000265368	stop_gained	Control
PAUHFI	PMS2	ENST00000265849	frameshift_variant	pAML
PAUKTH	SAMD9	ENST00000379958	frameshift_variant	pAML
PAUYAE	SAMD9	ENST00000379958	frameshift_variant	pAML
PAVDVU	SAMD9	ENST00000379958	stop_gained	pAML
PAVHCV	PMS2	ENST00000265849	frameshift_variant	pAML
PAWTWW	CUX1	ENST00000292538	frameshift_variant	pAML
PAXLGL	VPS13B	ENST00000357162	frameshift_variant	pAML
HG00159	RAD21	ENST00000297338	stop_gained	Control
HG02272	WRN	ENST00000298139	stop_gained	Control
HG02337	VPS13B	ENST00000357162	stop_gained	Control
NA18558	VPS13B	ENST00000357162	stop_gained	Control
HG00277	SYK	ENST00000375746	stop_gained	Control
HG01513	PTPRD	ENST00000355233	stop_gained	Control
HG01965	FANCG	ENST00000378643	frameshift_variant	Control
HG02406	ADAMTS13	ENST00000355699	stop_gained	Control
HG02840	FANCG	ENST00000378643	frameshift_variant	Control
HG02881	FANCG	ENST00000378643	frameshift_variant	Control
NA12750	GFI1B	ENST00000339463	stop_gained	Control
NA18967	ADAMTS13	ENST00000355699	stop_gained	Control